line,part,spec,qty_per_build,amazon_title_checked,amazon_url,cart_price_usd,pack_size,per_build_usd,status,notes
1,Raspberry Pi 5 (4 GB),BCM2712 SC1111,1,"TRASKIT Basic kit for Raspberry Pi 5 4GB RAM, 27W PD Power Supply, PI5 Case, Active Cooler",https://www.amazon.com/dp/B0G4R8TSLN,158.64,1,158.64,in stock 2026-09-21,"Board-only listing B0CK3L9WD3 out of stock. Kit PSU/cooler probably not official parts; the case is unused. Alternative: CanaKit Essentials 4GB B0CVQTWGBX $189.99, or PiShop.us board $110."
2,Raspberry Pi Touch Display 2 (7 in),720x1280 DSI 5-point touch SC1635,1,"Raspberry Pi Touch Display 2, 7-inch LCD Screen, 720 x 1280",https://www.amazon.com/dp/B0DM24QFCF,90.00,1,90.00,third-party seller (marked up),"Includes both FPC cables (incl. Pi 5 standard-to-mini), power leads and 8 M2.5 screws. List $60; PiShop.us $81.95."
3,Raspberry Pi Active Cooler,official PWM blower,1,"(in the Pi kit)",https://www.amazon.com/dp/B0CLXZBR5P,10.00,1,0.00,in kit,Standalone official-branded listing shown; only needed if not using the kit.
4,Raspberry Pi 27 W USB-C PSU (US),5.1 V 5 A PD,1,"(in the Pi kit)",https://www.amazon.com/dp/B0D3MFLNC1,23.41,1,0.00,in kit,Use a STRAIGHT USB-C plug; the enclosure has a slot for it. Do not use a right-angle adapter (5 A mode).
5,microSD card,64 GB A1,1,"SANDISK 64GB Ultra microSD ... A1",https://www.amazon.com/dp/B0B7NXBM6P,23.99,1,23.99,in stock,Any 32 GB+ A1/A2 card works.
6,KY-040 rotary encoder module,EC11 with push switch; 6 mm D-shaft; M7x0.75 bushing,1,"Taiss 5Pcs KY-040 Rotary Encoder Module",https://www.amazon.com/dp/B07F26CT6B,8.99,5,1.80,in stock,Buy the D-flat shaft variant. Wire + to 3.3 V only. The printed knob replaces the included cap.
7,Mini rocker switch,KCD1-101 2-pin SPST ON-OFF snap-in 21x15,1,"Rocker Switch 2 PIN ON-Off SPST ... KCD1-101 (Pack of 10)",https://www.amazon.com/dp/B08683RMVY,10.89,10,1.09,in stock,The mic cut: breaks the USB mic's VBUS.
8,I2S amplifier,MAX98357A breakout 3 W @ 4 ohm,1,"2PCS MAX98357 MAX98357A I2S 3W Class D Amplifier Breakout",https://www.amazon.com/dp/B0DPJRLMDJ,6.88,2,3.44,in stock,Headers need soldering (or use a pre-soldered variant).
9,Speaker,40 mm 4 ohm full-range open frame,1,"Gikfun 4Ohm 40mm Diameter 3W Full Range Audio Speaker (Pack of 2) EK1794",https://www.amazon.com/dp/B01LN8ONG4,8.99,2,4.50,in stock,No mounting ears; clamped by the printed ring into a printed sealed back-cup.
10,USB microphone,USB audio class mini mic (driverless),1,"SunFounder USB 2.0 Mini Microphone for Raspberry Pi",https://www.amazon.com/dp/B01KLRBHGM,7.99,1,7.99,in stock,Plug-and-play on Raspberry Pi OS.
11,USB-A extension (to splice),USB 2.0 A male to A female ~60 cm,1,"3 Pack USB Extension Cable 2 FT ... Male to Female",https://www.amazon.com/dp/B0CDC3KQN1,8.99,3,3.00,in stock,Cut the red VBUS wire and route it through the rocker. Coil the spare length in the back shell.
12,WS2812B LED strip,5 V 60 LED/m 10 mm IP30 adhesive,52 LEDs (2 x 1 m),"BTF-LIGHTING WS2812B IC RGB LED Strip ... 60LED IP30",https://www.amazon.com/dp/B01CDTED80,17.98,60 LEDs per strip,7.79,in stock,12 behind the band + ~40 wall-wash. Cap brightness ~25% (Pi 5 V budget).
13,Level shifter (recommended),74AHCT125 quad 3V to 5V,1,"Adafruit 74AHCT125 - Quad Level-Shifter [ADA1787]",https://www.amazon.com/dp/B00XW2L39K,7.25,1,7.25,in stock,DIP-14 on a scrap of perfboard (soldering). Many strips run on 3.3 V data without it: try first; add it if the LEDs flicker.
14,M3 heat-set inserts,M3 x 5.7 L x 4.6 OD (fits a 4.0 mm hole),~16,"140Pcs M3 Heat Set Threaded Insert M3x5.7x4.6mm",https://www.amazon.com/dp/B0DDWS7BTS,6.99,140,0.60,in stock,Avoid generic M3x5x4 kits: wrong geometry for the holes.
15,M3 socket-head screws,M3 x 6-16 mm assortment,~16,"780PCS M3 Hex Socket Screw Assortment Kit",https://www.amazon.com/dp/B0GRV5NW7Q,9.99,780,0.50,in stock,
16,Dupont jumper wires,F-F (kit incl. M-F/M-M),~15,"ELEGOO 120pcs Multicolored Dupont Wire",https://www.amazon.com/dp/B01EV70C78,6.98,120,0.90,in stock,
17,Heat-shrink assortment,2:1 mixed,a few,"Ginsco 580 pcs 2:1 Heat Shrink Tubing Kit",https://www.amazon.com/dp/B01MFA3OFA,7.99,580,0.25,in stock,For the VBUS splice.
18,Wall screws + anchors,2 x wood screw ~#8 x 1.5 in + drywall anchors,2,"(any hardware store)",,,,,not researched,For the printed french cleat.
F1,Filament: matte black PLA,1.75 mm 1 kg,~450-600 g,"Polymaker Panchroma Matte PLA ... Charcoal Black",https://www.amazon.com/dp/B0D7ZYCVTY,16.99,1 kg,8.50,in stock,Body: face plate + back shell + band insert + cleat. Grams refined from the CAD.
F2,Filament: silver silk PLA,1.75 mm 1 kg,~50-100 g,"ELEGOO PLA Filament Silk Silver Grey 1KG",https://www.amazon.com/dp/B0C6QFDQWT,15.99,1 kg,1.30,in stock,The "chrome": screen trim + knob.
F3,Filament: yellow/gold PLA,1.75 mm 1 kg,~5-20 g,"SUNLU PLA ... Yellow 1KG",https://www.amazon.com/dp/B0B12W69HT,17.99,1 kg,0.70,in stock,The gold tab (a sample coil is plenty).
F4,Filament: clear/natural PETG,1.75 mm 1 kg,~30-60 g,"SUNLU PETG Filament ... Transparent",https://www.amazon.com/dp/B085TGGV3L,16.99,1 kg,0.85,in stock,Band diffuser.
